{
  "project_info": {
    "project_number": "797802251503",
    "firebase_url": "https://unilagpastquestions-com.firebaseio.com",
    "project_id": "unilagpastquestions-com",
    "storage_bucket": "unilagpastquestions-com.appspot.com"
  },
  "client": [
    {
      "client_info": {
        "mobilesdk_app_id": "1:797802251503:android:9f41e5bb39d15b0e",
        "android_client_info": {
          "package_name": "com.studentcompanion"
        }
      },
      "oauth_client": [
        {
          "client_id": "797802251503-15lmta3ivno30qm1312rrnu6gke4ntq8.apps.googleusercontent.com",
          "client_type": 3
        }
      ],
      "api_key": [
        {
          "current_key": "AIzaSyBSnkstSuyfUuHNIibpic8qlvIoLcQRos0"
        }
      ],
      "services": {
        "analytics_service": {
          "status": 1
        },
        "appinvite_service": {
          "status": 1,
          "other_platform_oauth_client": []
        },
        "ads_service": {
          "status": 2
        }
      }
    }
  ],
  "configuration_version": "1"
}